Age,Sex,Job,Housing,Saving accounts,Checking account,Credit amount,Duration,Purpose,age_group,amount_per_month,plane,penalty,score
42,1,2,1,3,3,409,12,radio/TV,3,34.083333333333336,1,75.04419746647812,799
31,2,1,3,1,2,1928,18,furniture/equipment,2,107.11111111111111,1,75.0,800
54,2,2,2,1,-1,1597,24,education,3,66.54166666666667,2,270.1093015632145,557
34,2,2,3,1,1,6999,48,radio/TV,2,145.8125,1,90.0,780
43,2,2,3,2,1,1203,6,car,3,200.5,1,77.2391514660742,797
26,2,2,3,-1,-1,2069,10,furniture/equipment,2,206.9,4,787.5093167701897,481
23,1,2,1,1,1,2406,30,furniture/equipment,1,80.2,1,135.06069097021447,689
57,1,1,2,1,-1,2748,12,education,4,229.0,2,2575.013678430807,401
27,2,0,3,3,3,709,6,car,2,118.16666666666667,1,15.0,880
28,1,3,3,1,-1,3349,36,furniture/equipment,2,93.02777777777777,2,240.0,568
32,2,3,2,1,-1,4686,36,car,2,130.16666666666666,2,240.0,568
55,2,2,2,3,-1,1555,12,repairs,4,129.58333333333334,2,2437.3624835878263,402
35,2,2,3,4,2,1410,14,business,2,100.71428571428571,1,30.0,860
31,2,2,3,1,1,4817,24,car,2,200.70833333333334,1,90.0,780
27,2,2,3,1,2,1391,9,business,2,154.55555555555554,1,75.0,800
32,2,2,3,1,-1,701,12,education,2,58.416666666666664,2,240.0,568
29,2,2,1,1,1,11816,45,business,2,262.5777777777778,1,1002.0439958592141,465
27,1,2,3,1,1,3123,24,car,2,130.125,1,105.0,710
28,2,1,1,1,2,6260,18,car,2,347.77777777777777,1,2265.0439958592137,403
42,2,2,2,1,1,5493,36,car,3,152.58333333333334,1,105.14649469102025,709
58,1,1,3,1,1,1755,24,vacation/others,4,73.125,1,2065.2068867022313,404
33,2,2,3,1,-1,1851,24,radio/TV,2,77.125,2,240.0,568
53,2,2,3,4,-1,2835,24,furniture/equipment,3,118.125,2,150.1751256981116,679
49,2,1,3,1,-1,2096,12,education,3,174.66666666666666,2,240.51516713570916,568
21,2,1,1,1,1,1987,24,radio/TV,1,82.79166666666667,1,120.06199103069036,699
26,2,2,1,1,-1,3518,6,car,2,586.3333333333334,2,11776.754658385096,334
33,2,2,3,2,-1,1474,24,car,2,61.416666666666664,2,210.0,580
38,2,3,3,1,-1,7814,24,car,2,325.5833333333333,2,3864.254658385094,391
34,2,2,2,-1,-1,6527,60,car,2,108.78333333333333,4,660.0,490
40,1,2,3,-1,-1,894,10,education,3,89.4,4,660.2622904255833,490
36,2,2,3,1,-1,4165,18,business,2,231.38888888888889,2,1068.4213250517612,460
35,2,2,2,1,-1,1471,15,radio/TV,2,98.06666666666666,2,270.0,557
40,2,3,3,-1,1,1977,36,education,3,54.916666666666664,3,315.15114887505575,540
23,1,2,1,1,-1,7127,36,furniture/equipment,1,197.97222222222223,2,332.5661242158877,515
23,1,2,3,1,-1,2288,21,furniture/equipment,1,108.95238095238095,2,270.15818596519534,557
49,2,2,3,-1,-1,2331,12,radio/TV,3,194.25,4,603.1410257964802,495
34,2,3,3,1,-1,6614,36,car,2,183.72222222222223,2,210.0,580
25,1,3,3,1,1,8065,36,education,2,224.02777777777777,1,393.7939958592139,510
35,2,1,3,3,2,1941,18,business,2,107.83333333333333,1,45.0,840
40,1,2,3,4,-1,7678,36,furniture/equipment,3,213.27777777777777,2,751.7500977283544,484
31,1,2,1,-1,-1,2901,10,car,2,290.1,4,5959.509316770191,376
20,1,2,3,1,2,1967,24,radio/TV,1,81.95833333333333,1,90.06156697121654,719
23,2,1,3,1,2,1246,24,car,1,51.916666666666664,1,75.04938765097407,799
45,2,2,2,-1,-1,1300,15,car,3,86.66666666666667,4,660.256168729162,490
47,2,3,3,1,2,1209,6,car,3,201.5,1,63.15140413792704,815
29,1,2,3,1,1,3499,12,car,2,291.5833333333333,1,1422.127329192547,434
36,2,2,1,1,1,2799,9,car,2,311.0,1,1728.3773291925472,407
28,2,2,3,1,-1,3595,36,radio/TV,2,99.86111111111111,2,240.0,568
35,1,2,3,-1,1,1381,24,car,2,57.541666666666664,3,405.0,509
30,1,3,3,1,2,4795,36,radio/TV,2,133.19444444444446,1,75.0,800
34,2,1,3,2,-1,1569,15,radio/TV,2,104.6,2,210.0,580
39,2,2,2,-1,3,1271,15,radio/TV,2,84.73333333333333,3,315.0,540
22,2,1,1,1,2,276,9,car,1,30.666666666666668,1,105.04332514798207,709
49,2,1,3,-1,1,1262,12,furniture/equipment,3,105.16666666666667,3,360.22816993461095,513
26,2,2,3,1,1,4370,42,radio/TV,2,104.04761904761905,1,90.0,780
26,2,2,3,-1,-1,5248,21,car,2,249.9047619047619,4,3367.795031055903,395
60,2,2,3,1,1,2246,12,furniture/equipment,4,187.16666666666666,1,342.7223455481488,514
23,2,2,1,1,3,1297,12,radio/TV,1,108.08333333333333,1,90.07837471828012,719
25,2,2,3,-1,-1,3105,24,radio/TV,2,129.375,4,600.0,495
28,2,2,3,4,3,939,12,car,2,78.25,1,15.0,880
37,1,2,1,4,-1,1402,12,furniture/equipment,2,116.83333333333333,2,240.0,568
37,2,2,2,-1,-1,2279,12,radio/TV,2,189.91666666666666,4,660.0,490
35,2,2,3,2,-1,2141,12,radio/TV,2,178.41666666666666,2,210.0,580
39,2,1,3,-1,-1,9436,54,car,2,174.74074074074073,4,600.0,495
33,2,2,1,1,1,950,15,car,2,63.333333333333336,1,120.0,700
59,1,2,1,1,2,6416,48,business,4,133.66666666666666,1,1172.478317031487,452
28,2,3,3,1,2,4249,30,car,2,141.63333333333333,1,60.0,820
36,2,2,3,1,1,1721,15,car,2,114.73333333333333,1,90.0,780
25,2,0,3,1,1,2473,18,furniture/equipment,2,137.38888888888889,1,75.0,800
24,2,2,3,2,2,6560,48,car,1,136.66666666666666,1,60.11175364793921,819
43,2,2,3,-1,2,2899,18,car,3,161.05555555555554,3,315.5266220245446,516
23,1,3,3,1,3,1961,18,car,1,108.94444444444444,1,60.079086363547205,819
26,2,2,3,1,1,3414,21,education,2,162.57142857142858,1,90.0,780
42,2,3,2,1,1,7763,48,car,3,161.72916666666666,1,90.1783522119289,719
27,2,1,3,2,-1,4139,24,business,2,172.45833333333334,2,210.0,580
26,1,2,3,1,-1,2404,18,radio/TV,2,133.55555555555554,2,270.0,557
26,1,3,1,1,-1,4530,30,radio/TV,2,151.0,2,300.0,545
32,2,2,2,3,2,1136,9,education,2,126.22222222222223,1,60.0,820
31,2,2,3,2,2,6148,20,car,2,307.4,1,1614.377329192547,408
41,1,3,1,1,-1,3868,24,car,3,161.16666666666666,2,300.3519966273602,545
37,1,2,3,3,-1,1287,24,car,2,53.625,2,210.0,580
31,1,2,3,1,-1,9566,36,radio/TV,2,265.72222222222223,2,2128.4213250517614,404
36,2,2,3,-1,-1,6304,36,business,2,175.11111111111111,4,600.0,495
35,2,2,2,1,1,3386,12,car,2,282.1666666666667,1,1280.8773291925477,444
26,1,2,3,1,-1,2764,33,business,2,83.75757575757575,2,270.0,557
27,2,2,3,1,-1,3850,18,car,2,213.88888888888889,2,543.4213250517612,499
54,2,2,3,1,1,1409,12,car,3,117.41666666666667,1,90.08684468302867,719
48,2,3,3,-1,2,12204,48,business,3,254.25,3,4813.209695281763,384
23,1,2,1,2,2,1553,24,radio/TV,1,64.70833333333333,1,105.0539303314352,709
32,2,2,1,2,2,11760,39,education,2,301.53846153846155,1,1556.4542522694705,424
38,1,3,2,1,2,12976,18,car,2,720.8888888888889,1,7846.710662525881,362
21,2,2,1,1,1,902,12,education,1,75.16666666666667,1,120.05831578330245,699
29,2,2,3,2,2,2896,24,radio/TV,2,120.66666666666667,1,60.0,820
26,1,0,1,1,2,1778,15,car,2,118.53333333333333,1,105.0,710
29,2,2,3,1,1,5179,36,furniture/equipment,2,143.86111111111111,1,90.0,780
32,2,2,3,1,2,6078,12,car,2,506.5,1,4615.877329192547,386
48,2,1,1,1,1,2241,10,car,3,224.1,1,730.1234362202713,485
24,1,1,1,2,-1,1568,18,business,1,87.11111111111111,2,300.12857229939357,545
42,1,2,3,1,2,3804,36,radio/TV,3,105.66666666666667,1,90.0764442410209,719
26,2,2,3,1,2,907,8,business,2,113.375,1,75.0,800
26,1,2,3,1,3,3749,24,furniture/equipment,2,156.20833333333334,1,75.0,800
42,2,2,2,-1,-1,10477,36,car,3,291.02777777777777,4,11130.695783566931,338
46,2,2,3,1,1,697,12,car,3,58.083333333333336,1,90.05147802775667,719
22,2,1,3,1,2,454,6,repairs,1,75.66666666666667,1,75.0585433800535,799
22,1,2,1,1,-1,433,18,radio/TV,1,24.055555555555557,2,330.0834628490293,515
29,2,2,3,1,-1,2743,28,radio/TV,2,97.96428571428571,2,240.0,568
24,1,2,3,1,1,4272,20,furniture/equipment,1,213.6,1,400.5160383806877,510
24,2,2,3,1,1,2145,36,business,1,59.583333333333336,1,90.0520135321949,719
30,2,3,3,1,1,1823,24,radio/TV,2,75.95833333333333,1,75.0,800
28,2,3,3,1,2,5234,30,car,2,174.46666666666667,1,60.0,820
37,2,1,3,1,3,3949,10,car,2,394.9,1,2926.877329192547,398
32,2,2,3,1,-1,1552,24,radio/TV,2,64.66666666666667,2,240.0,568
27,2,2,1,-1,-1,7980,36,business,2,221.66666666666666,4,1793.509316770189,406
44,2,1,3,-1,1,4716,6,car,3,786.0,3,16435.34008902744,300
43,2,2,3,1,-1,2515,18,furniture/equipment,3,139.72222222222223,2,240.23416818082893,568
34,2,2,3,1,1,3965,42,radio/TV,2,94.4047619047619,1,90.0,780
41,2,2,3,1,2,6361,18,furniture/equipment,3,353.3888888888889,1,4563.471453475733,386
56,2,2,2,1,3,4796,42,car,4,114.19047619047619,1,1419.4352042180117,434
44,2,2,3,4,-1,2375,24,business,3,98.95833333333333,2,150.14310396796304,679
23,1,0,1,4,2,3758,24,radio/TV,1,156.58333333333334,1,60.158909050449125,819
28,2,2,1,1,1,6199,12,radio/TV,2,516.5833333333334,1,4812.127329192548,384
50,1,1,3,1,3,1047,6,education,3,174.5,1,75.25611795808439,799
30,2,3,3,1,2,4455,36,business,2,123.75,1,60.0,820
30,2,2,3,1,2,1056,18,car,2,58.666666666666664,1,75.0,800
43,1,1,3,1,-1,1459,15,radio/TV,3,97.26666666666667,2,270.1408311522853,557
25,1,2,3,1,-1,2238,18,radio/TV,2,124.33333333333333,2,270.0,557
32,2,2,3,2,-1,2848,10,car,2,284.8,2,2640.754658385095,400
28,2,2,2,1,-1,3343,15,furniture/equipment,2,222.86666666666667,2,842.7546583850949,477
26,1,1,1,1,1,3599,21,furniture/equipment,2,171.38095238095238,1,135.0,690
32,2,2,3,-1,-1,2662,18,car,2,147.88888888888889,4,600.0,495
47,2,2,2,-1,1,8335,36,car,3,231.52777777777777,3,2903.5744373011253,398
20,2,2,1,1,2,585,12,radio/TV,1,48.75,1,105.04837883886609,709
38,2,2,3,2,2,1216,24,radio/TV,2,50.666666666666664,1,60.0,820
28,2,2,3,1,-1,1413,24,radio/TV,2,58.875,2,240.0,568
28,2,1,3,1,1,1797,13,business,2,138.23076923076923,1,90.0,780
27,2,2,3,1,2,2820,36,car,2,78.33333333333333,1,75.0,800
25,2,2,3,1,3,5152,24,radio/TV,2,214.66666666666666,1,223.3773291925472,574
51,2,2,3,1,-1,1595,6,radio/TV,3,265.8333333333333,2,3963.7510085476288,391
57,1,2,1,3,1,3622,30,furniture/equipment,4,120.73333333333333,1,1351.3450962629738,439
27,1,2,3,2,-1,1237,6,radio/TV,2,206.16666666666666,2,311.7546583850944,541
30,1,2,3,1,-1,8133,36,car,2,225.91666666666666,2,934.2546583850944,470
23,2,1,1,-1,1,1936,18,radio/TV,1,107.55555555555556,3,450.2338345320919,506
46,2,3,3,-1,-1,7629,48,business,3,158.9375,4,540.669001933331,499
46,1,1,3,1,-1,3594,15,car,3,239.6,2,2419.9279354527775,402
35,1,2,2,1,1,1198,6,education,2,199.66666666666666,1,120.0,700
29,2,3,2,1,1,6579,24,car,2,274.125,1,1145.2523291925472,454
57,2,2,2,1,2,2225,36,car,4,61.80555555555556,1,2219.9619431218666,403
33,2,2,3,-1,-1,3074,9,radio/TV,2,341.55555555555554,4,8866.842650103521,355
46,1,2,1,1,1,1845,15,furniture/equipment,3,123.0,1,135.09284713171462,689
33,2,3,3,1,2,4439,18,business,2,246.61111111111111,1,702.5439958592141,487
46,2,2,3,1,-1,1829,15,radio/TV,3,121.93333333333334,2,240.18327423237494,568
24,2,2,3,4,-1,2569,39,car,1,65.87179487179488,2,150.1087706387372,679
28,2,2,3,1,-1,2169,18,business,2,120.5,2,240.0,568
33,2,1,3,1,1,2579,12,car,2,214.91666666666666,1,257.1273291925472,562
33,1,2,3,-1,-1,1927,24,education,2,80.29166666666667,4,660.0,490
40,2,2,3,4,-1,2675,22,radio/TV,3,121.5909090909091,2,150.18251066605671,679
45,2,2,3,1,-1,10875,36,car,3,302.0833333333333,2,6138.661893747173,375
48,2,2,3,1,1,1082,12,car,3,90.16666666666667,1,90.06601509558585,719
63,2,2,2,1,3,781,10,car,4,78.1,1,1960.600063095014,405
54,1,2,1,1,2,7432,36,car,3,206.44444444444446,1,202.80521198285552,582
23,1,2,1,-1,1,8471,18,education,1,470.6111111111111,3,16435.34008902744,300
24,1,1,3,1,1,626,12,radio/TV,1,52.166666666666664,1,105.04946908882658,709
36,2,3,1,-1,2,7057,20,car,2,352.85,3,7068.381987577643,368
28,2,3,1,1,2,9398,36,car,2,261.05555555555554,1,949.2106625258805,469
66,2,1,3,4,2,766,12,radio/TV,4,63.833333333333336,1,2129.55139946655,404
41,2,1,1,2,-1,1469,24,car,3,61.208333333333336,2,270.1052127554965,557
22,2,2,3,3,2,1007,12,car,1,83.91666666666667,1,45.06257286411042,839
22,1,2,1,1,1,3650,18,furniture/equipment,1,202.77777777777777,1,141.2261123695915,685
33,2,2,3,1,-1,2058,24,repairs,2,85.75,2,240.0,568
47,2,1,3,1,-1,2538,24,car,3,105.75,2,240.15301844954394,568
35,2,1,2,-1,-1,9055,36,education,2,251.52777777777777,4,3525.175983436856,394
32,2,1,3,1,-1,1231,10,car,2,123.1,2,240.0,568
38,2,2,3,1,-1,804,12,radio/TV,2,67.0,2,240.0,568
39,2,3,3,1,2,11938,24,vacation/others,2,497.4166666666667,1,4464.627329192547,387
42,2,2,3,4,-1,522,12,radio/TV,3,43.5,2,150.09358832352376,679
70,2,3,2,1,2,7308,10,car,4,730.8,1,16435.34008902744,300
26,2,1,3,1,2,625,12,radio/TV,2,52.083333333333336,1,75.0,800
45,1,1,3,1,3,3049,18,furniture/equipment,3,169.38888888888889,1,75.21806620531524,799
40,2,3,3,1,2,7374,18,furniture/equipment,3,409.6666666666667,1,6236.791085066345,374
26,2,1,3,-1,-1,783,6,car,2,130.5,4,600.0,495
39,2,2,3,1,-1,1473,18,radio/TV,2,81.83333333333333,2,240.0,568
47,2,1,3,4,-1,1316,15,radio/TV,3,87.73333333333333,2,150.12926168699764,679
36,2,3,2,1,1,1940,18,radio/TV,2,107.77777777777777,1,90.0,780
23,1,2,1,1,1,1442,24,car,1,60.083333333333336,1,135.05219451809424,689
33,2,2,3,1,3,6289,42,business,2,149.73809523809524,1,60.0,820
34,2,2,3,3,-1,2578,24,radio/TV,2,107.41666666666667,2,180.0,660
26,2,2,3,4,2,1158,12,radio/TV,2,96.5,1,30.0,860
27,2,3,3,1,-1,6314,24,vacation/others,2,263.0833333333333,2,1989.254658385094,405
22,1,2,1,1,1,1366,9,radio/TV,1,151.77777777777777,1,135.14422557028243,689
24,2,2,3,1,1,9271,36,car,1,257.52777777777777,1,1702.7275069180105,407
40,1,2,1,1,2,3001,18,furniture/equipment,3,166.72222222222223,1,120.20237797667811,699
53,1,3,3,-1,-1,7485,30,car,3,249.5,4,6087.674649108026,375
61,2,1,3,3,-1,3059,12,radio/TV,4,254.91666666666666,2,4785.109494925801,385
25,2,1,3,1,2,4746,45,radio/TV,2,105.46666666666667,1,75.0,800
26,2,2,3,1,3,1330,12,car,2,110.83333333333333,1,60.0,820
31,2,2,3,2,2,1449,6,business,2,241.5,1,625.8773291925473,493
21,2,2,1,1,2,2779,18,car,1,154.38888888888889,1,105.15184947349849,709
54,1,3,1,1,-1,3568,15,radio/TV,3,237.86666666666667,2,2345.9492103879934,402
25,2,1,1,1,-1,2210,10,furniture/equipment,2,221.0,2,816.7546583850947,479
33,1,2,3,-1,2,1042,18,car,2,57.888888888888886,3,360.0,513
43,2,1,3,1,-1,1533,18,furniture/equipment,3,85.16666666666667,2,240.12646458019418,568
37,1,2,3,1,1,609,6,car,2,101.5,1,105.0,710
28,1,2,3,1,2,4221,30,business,2,140.7,1,90.0,780
45,1,2,3,1,2,2329,7,radio/TV,3,332.7142857142857,1,3958.241395780311,391
28,2,2,3,1,1,5371,36,furniture/equipment,2,149.19444444444446,1,90.0,780
27,2,3,3,1,2,14027,60,car,2,233.78333333333333,1,510.12732919254734,502
34,2,2,3,-1,2,2825,24,business,2,117.70833333333333,3,315.0,540
32,2,2,3,1,-1,2697,9,radio/TV,2,299.6666666666667,2,3116.7546583850954,397
30,1,2,3,1,1,1620,12,furniture/equipment,2,135.0,1,105.0,710
42,1,2,1,-1,2,1965,24,car,3,81.875,3,450.1845746524158,506
57,2,1,1,-1,-1,1264,12,business,4,105.33333333333333,4,6628.928427589842,371
25,2,2,3,1,2,14421,48,business,2,300.4375,1,1524.9398291925472,426
37,2,3,3,-1,2,4712,24,business,2,196.33333333333334,3,270.0,557
42,2,3,3,1,-1,2292,12,business,3,191.0,2,211.17238933610778,579
45,2,1,3,4,-1,1750,6,radio/TV,3,291.6666666666667,2,5423.679975589869,380
52,2,2,3,1,-1,717,12,radio/TV,3,59.75,2,240.104147442415,568
35,2,2,3,-1,-1,976,12,radio/TV,2,81.33333333333333,4,600.0,495
61,2,1,3,1,-1,1255,12,car,4,104.58333333333333,2,3216.954999622779,396
38,2,2,2,-1,2,6681,48,business,2,139.1875,3,360.0,513
55,1,2,3,1,1,1603,24,radio/TV,4,66.79166666666667,1,2160.1856574540425,404
23,1,2,1,1,1,2511,15,car,1,167.4,1,135.20614750379949,689
55,1,3,2,1,1,2578,12,furniture/equipment,4,214.83333333333334,1,608.0140275215948,494
29,2,2,3,-1,-1,1169,18,radio/TV,2,64.94444444444444,4,600.0,495
26,2,2,3,2,1,1382,24,business,2,57.583333333333336,1,75.0,800
27,2,3,2,-1,2,9157,60,radio/TV,2,152.61666666666667,3,315.0,540
43,2,2,1,1,1,4843,12,car,3,403.5833333333333,1,6114.29219409285,375
30,2,2,3,2,2,3566,48,business,2,74.29166666666667,1,60.0,820
35,1,3,3,1,-1,1393,11,car,2,126.63636363636364,2,240.0,568
48,2,2,3,1,1,1024,24,radio/TV,3,42.666666666666664,1,90.04655212326256,719
21,1,2,1,1,1,1049,18,furniture/equipment,1,58.27777777777778,1,135.05154682213487,689
54,2,2,3,-1,-1,717,24,car,3,29.875,4,600.1725116663886,495
38,2,2,3,-1,2,754,12,education,2,62.833333333333336,3,315.0,540
50,2,2,3,1,-1,2241,21,furniture/equipment,3,106.71428571428571,2,240.15453859031197,568
27,1,1,3,1,1,3643,15,furniture/equipment,2,242.86666666666667,1,691.3773291925474,488
30,2,2,3,1,2,7966,26,car,2,306.38461538461536,1,1614.1465599617777,420
37,2,1,3,1,2,1154,9,radio/TV,2,128.22222222222223,1,75.0,800
60,1,3,2,2,2,14782,60,vacation/others,4,246.36666666666667,1,1993.0399330177258,405
36,2,2,3,-1,-1,3079,36,car,2,85.52777777777777,4,600.0,495
33,2,2,1,1,1,2235,20,car,2,111.75,1,120.0,700
43,2,2,3,-1,-1,2197,24,car,3,91.54166666666667,4,600.2672953321849,495
43,2,2,3,1,-1,1935,12,furniture/equipment,3,161.25,2,240.35268622313333,568
51,2,2,3,-1,-1,3342,36,radio/TV,3,92.83333333333333,4,600.2704072649713,495
23,1,2,1,1,3,392,15,education,1,26.133333333333333,1,105.04221952698572,709
30,2,2,2,2,2,3069,24,furniture/equipment,2,127.875,1,75.0,800
30,2,2,3,1,1,2121,12,car,2,176.75,1,90.0,780
51,2,2,3,1,2,4771,11,radio/TV,3,433.72727272727275,1,6973.605455490737,369
25,2,1,3,1,2,685,12,car,2,57.083333333333336,1,75.0,800
22,2,2,3,2,2,1514,15,repairs,1,100.93333333333334,1,60.07292602593395,819
31,2,2,3,1,1,2746,36,furniture/equipment,2,76.27777777777777,1,90.0,780
34,2,1,2,2,2,3844,48,business,2,80.08333333333333,1,75.0,800
41,2,2,3,2,2,2503,30,business,3,83.43333333333334,1,60.062321558435485,819
24,1,2,3,1,1,3190,18,radio/TV,1,177.22222222222223,1,105.28235789018137,709
43,2,2,3,1,2,4057,24,furniture/equipment,3,169.04166666666666,1,75.21588713860726,799
59,1,2,3,-1,-1,5045,15,car,4,336.3333333333333,4,16435.34008902744,300
25,2,2,3,-1,-1,999,24,radio/TV,2,41.625,4,600.0,495
36,1,2,3,1,3,2247,12,car,2,187.25,1,75.0,800
25,2,2,3,2,-1,5511,24,furniture/equipment,2,229.625,2,985.5046583850947,466
25,1,2,3,1,2,1206,9,radio/TV,2,134.0,1,90.0,780
28,1,2,3,1,1,3660,24,radio/TV,2,152.5,1,105.0,710
25,1,2,1,1,2,2969,12,furniture/equipment,2,247.41666666666666,1,774.6273291925472,482
34,2,2,3,3,2,3496,30,furniture/equipment,2,116.53333333333333,1,45.0,840
38,2,2,3,-1,-1,3914,48,business,2,81.54166666666667,4,600.0,495
31,2,1,3,1,2,1410,12,education,2,117.5,1,75.0,800
50,2,2,3,1,1,5293,27,business,3,196.03703703703704,1,90.96525310360174,719
37,2,1,3,1,2,1922,12,furniture/equipment,2,160.16666666666666,1,75.0,800
47,2,2,3,1,3,3017,30,radio/TV,3,100.56666666666666,1,60.07266695454966,819
28,1,3,3,2,3,2923,21,car,2,139.1904761904762,1,45.0,840
40,2,3,1,1,3,1905,15,education,3,127.0,1,75.09768410414253,799
30,2,2,3,1,-1,707,12,radio/TV,2,58.916666666666664,2,240.0,568
22,2,2,3,1,2,1331,12,radio/TV,1,110.91666666666667,1,75.0807659887262,799
31,2,2,3,1,-1,1393,24,car,2,58.041666666666664,2,240.0,568
51,2,3,2,1,1,1164,8,vacation/others,3,145.5,1,90.1286909984951,719
31,2,2,3,-1,3,3148,24,radio/TV,2,131.16666666666666,3,270.0,557
31,2,2,3,1,2,1935,24,business,2,80.625,1,75.0,800
34,2,3,3,2,-1,1591,21,furniture/equipment,2,75.76190476190476,2,180.0,660
38,2,3,2,1,1,10623,30,car,2,354.1,1,2344.8773291925477,402
21,2,2,1,2,2,3031,45,radio/TV,1,67.35555555555555,1,90.05497682400716,719
34,2,2,3,1,2,5800,36,car,2,161.11111111111111,1,75.0,800
30,2,3,3,1,2,5965,27,car,2,220.92592592592592,1,317.2662180814362,516
28,1,2,3,4,-1,1376,24,radio/TV,2,57.333333333333336,2,180.0,660
34,2,2,3,1,2,2415,7,radio/TV,2,345.0,1,2193.377329192547,403
25,1,2,3,1,1,1835,21,radio/TV,2,87.38095238095238,1,105.0,710
19,1,2,1,1,-1,1980,9,furniture/equipment,1,220.0,2,1304.4329308758734,443
36,2,1,3,1,1,1374,6,furniture/equipment,2,229.0,1,468.37732919254734,505
32,2,2,3,1,1,1938,24,radio/TV,2,80.75,1,90.0,780
20,2,2,3,2,1,674,12,radio/TV,1,56.166666666666664,1,75.05080960990782,799
35,2,2,3,1,-1,2346,24,car,2,97.75,2,240.0,568
32,2,1,3,1,2,1301,18,radio/TV,2,72.27777777777777,1,75.0,800
38,2,2,3,2,2,3512,24,car,2,146.33333333333334,1,60.0,820
27,1,2,3,1,-1,1185,12,business,2,98.75,2,270.0,557
53,2,2,2,1,1,4870,24,car,3,202.91666666666666,1,111.89360485886955,705
52,2,2,3,4,1,338,6,radio/TV,3,56.333333333333336,1,45.05086704335099,839
62,2,2,3,4,-1,1338,6,domestic appliances,4,223.0,2,1886.4890003253636,406
24,2,2,3,1,3,3016,12,radio/TV,1,251.33333333333334,1,1486.9123415121198,429
27,2,2,3,1,1,3552,24,furniture/equipment,2,148.0,1,90.0,780
35,1,2,2,4,-1,5324,15,car,2,354.93333333333334,2,4744.754658385094,385
26,2,1,3,1,2,590,6,radio/TV,2,98.33333333333333,1,75.0,800
45,2,1,3,-1,-1,1287,10,car,3,128.7,4,600.3995835030171,495
35,2,2,3,4,-1,2397,24,radio/TV,2,99.875,2,150.0,680
35,1,1,3,1,1,10722,47,car,2,228.12765957446808,1,470.29222280956856,505
29,1,0,1,1,1,1193,24,car,2,49.708333333333336,1,120.0,700
24,1,2,1,1,1,652,12,furniture/equipment,1,54.333333333333336,1,135.05018629679896,689
35,2,3,3,1,-1,2670,24,car,2,111.25,2,210.0,580
36,2,2,3,3,2,1913,18,business,2,106.27777777777777,1,45.0,840
39,2,1,3,1,-1,426,6,radio/TV,2,71.0,2,240.0,568
35,2,2,3,4,1,1680,12,radio/TV,2,140.0,1,45.0,840
28,2,1,3,1,2,484,6,radio/TV,2,80.66666666666667,1,75.0,800
23,2,2,3,1,3,3913,36,radio/TV,1,108.69444444444444,1,60.07887842904175,819
24,1,2,1,1,1,1207,24,car,1,50.291666666666664,1,135.04886477138953,689
50,2,2,3,3,-1,3777,24,furniture/equipment,3,157.375,2,180.32323941373159,591
36,1,2,3,1,-1,1028,18,car,2,57.111111111111114,2,270.0,557
39,2,1,1,1,1,2122,12,car,2,176.83333333333334,1,120.0,700
28,2,2,3,1,1,1108,12,repairs,2,92.33333333333333,1,90.0,780
33,2,1,3,2,1,727,12,radio/TV,2,60.583333333333336,1,75.0,800
27,2,2,3,2,2,1995,12,car,2,166.25,1,60.0,820
36,2,2,2,-1,-1,700,6,radio/TV,2,116.66666666666667,4,660.0,490
42,2,3,3,2,2,8086,36,car,3,224.61111111111111,1,670.4477340082564,490
22,1,2,1,1,1,3632,24,car,1,151.33333333333334,1,135.14300347444555,689
23,1,2,1,1,1,1216,18,car,1,67.55555555555556,1,135.05505753995308,689
23,1,2,3,1,1,448,6,education,1,74.66666666666667,1,105.05808994930945,709
30,2,3,3,1,-1,1820,18,car,2,101.11111111111111,2,210.0,580
24,2,1,1,1,-1,1768,12,furniture/equipment,1,147.33333333333334,2,300.2657409885056,545
22,2,2,3,4,1,2483,24,furniture/equipment,1,103.45833333333333,1,45.07476150821894,839
34,2,3,3,1,3,1337,9,radio/TV,2,148.55555555555554,1,45.0,840
26,2,2,3,1,-1,5117,27,business,2,189.5185185185185,2,240.0,568
35,2,1,3,1,-1,2684,24,radio/TV,2,111.83333333333333,2,240.0,568
27,2,1,3,1,-1,2708,15,furniture/equipment,2,180.53333333333333,2,240.0,568
29,2,1,3,1,1,3590,12,furniture/equipment,2,299.1666666666667,1,1520.8773291925477,426
38,2,1,3,1,-1,1495,12,car,2,124.58333333333333,2,240.0,568
24,1,2,1,-1,1,1275,15,domestic appliances,1,85.0,3,495.18943069420084,503
26,1,2,3,1,-1,3181,24,radio/TV,2,132.54166666666666,2,270.0,557
39,2,3,2,1,1,3249,36,car,2,90.25,1,90.0,780
42,2,2,3,1,1,2577,12,furniture/equipment,3,214.75,1,419.9366075681768,508
53,2,2,3,-1,-1,2424,24,radio/TV,3,101.0,4,600.2918933136541,495
39,2,2,3,-1,1,2212,20,furniture/equipment,2,110.6,3,360.0,513
23,1,2,3,1,3,1275,10,furniture/equipment,1,127.5,1,75.09832439215415,799
25,1,1,3,1,2,4736,24,furniture/equipment,2,197.33333333333334,1,90.0,780
41,2,1,3,1,1,662,6,car,3,110.33333333333333,1,90.08026181465496,719
27,2,2,3,2,-1,2463,24,car,2,102.625,2,210.0,580
27,1,2,3,1,-1,3609,48,business,2,75.1875,2,270.0,557
31,2,3,3,1,-1,2406,9,furniture/equipment,2,267.3333333333333,2,2116.754658385094,404
29,1,3,3,1,-1,1412,12,business,2,117.66666666666667,2,240.0,568
23,1,1,3,2,2,836,12,car,1,69.66666666666667,1,75.0559242236993,799
64,2,1,1,1,1,2384,24,radio/TV,4,99.33333333333333,1,1687.1971023689673,407
45,2,3,3,-1,-1,3527,12,car,3,293.9166666666667,4,11357.351432194708,337
36,2,3,2,1,1,5302,18,car,2,294.55555555555554,1,1451.7106625258805,432
21,1,2,3,2,-1,10144,60,radio/TV,1,169.06666666666666,2,240.4320851515294,568
24,1,2,3,1,2,1237,8,furniture/equipment,1,154.625,1,90.15257879313836,719
42,2,1,3,1,-1,1455,4,car,3,363.75,2,9838.603080413968,348
28,2,1,3,1,1,654,9,car,2,72.66666666666667,1,90.0,780
32,2,2,3,1,1,4583,30,furniture/equipment,2,152.76666666666668,1,90.0,780
20,2,3,1,1,1,1107,12,radio/TV,1,92.25,1,105.06724823759782,709
39,2,3,1,1,1,3345,24,furniture/equipment,2,139.375,1,105.0,710
49,1,2,3,1,1,428,6,furniture/equipment,3,71.33333333333333,1,105.05662796377479,709
35,2,2,3,1,2,2576,7,radio/TV,2,368.0,1,2538.377329192547,401
22,1,2,3,1,2,5951,48,radio/TV,1,123.97916666666667,1,90.09398636285859,719
28,1,2,1,2,2,2631,15,car,2,175.4,1,105.0,710
36,1,1,3,3,-1,1572,21,business,2,74.85714285714286,2,210.0,580
28,1,2,3,2,2,2278,18,car,2,126.55555555555556,1,75.0,800
37,2,2,3,1,3,1225,10,domestic appliances,2,122.5,1,60.0,820
55,1,0,2,1,1,1190,18,repairs,4,66.11111111111111,1,2170.3918257820555,404
26,2,1,3,2,-1,4272,30,business,2,142.4,2,210.0,580
50,2,2,2,1,2,6224,48,education,3,129.66666666666666,1,90.10119879915713,719
32,2,2,3,1,-1,1530,18,car,2,85.0,2,240.0,568
48,2,1,3,1,2,1743,24,radio/TV,3,72.625,1,75.05718566430119,799
30,2,3,3,2,1,2249,18,car,2,124.94444444444444,1,60.0,820
47,2,2,3,1,2,2353,21,car,3,112.04761904761905,1,75.08176173554027,799
46,2,1,1,-1,-1,730,7,radio/TV,3,104.28571428571429,4,720.3015328627871,486
29,2,2,3,1,2,1103,12,radio/TV,2,91.91666666666667,1,75.0,800
24,2,2,3,1,3,5848,36,radio/TV,1,162.44444444444446,1,60.1814379397662,819
33,2,2,3,1,2,1245,18,radio/TV,2,69.16666666666667,1,75.0,800
50,2,3,2,1,1,7476,48,education,3,155.75,1,90.15615224285561,719
50,2,2,3,1,-1,1574,12,furniture/equipment,3,131.16666666666666,2,240.20657850337813,568
50,1,2,2,2,2,2671,36,radio/TV,3,74.19444444444444,1,90.05787826184275,719
35,2,3,3,1,-1,7253,33,car,2,219.78787878787878,2,690.3910220214582,488
35,2,2,2,-1,-1,8858,48,car,2,184.54166666666666,4,660.0,490
47,2,2,3,1,-1,3422,18,furniture/equipment,3,190.11111111111111,2,241.0963304822924,568
51,2,2,2,1,3,2892,24,furniture/equipment,3,120.5,1,75.09005996547046,799
45,2,3,3,2,-1,8588,39,car,3,220.2051282051282,2,1166.7291135122955,453
33,1,1,3,-1,2,3195,9,car,2,355.0,3,7165.131987577642,367
54,1,0,3,1,-1,672,6,car,3,112.0,2,240.16343862899006,568
30,2,2,3,-1,2,2028,12,car,2,169.0,3,315.0,540
20,1,2,1,1,1,2039,18,furniture/equipment,1,113.27777777777777,1,135.08287308441857,689
66,2,3,2,1,1,1526,12,car,4,127.16666666666667,1,1239.905743600384,447
44,2,2,2,4,-1,10127,48,car,3,210.97916666666666,2,614.331466887356,494
24,1,1,3,1,1,1228,12,car,1,102.33333333333333,1,105.07393243354997,709
38,2,3,3,3,-1,5711,36,car,2,158.63888888888889,2,150.0,680
25,1,2,3,1,1,3509,18,radio/TV,2,194.94444444444446,1,105.0,710
55,2,3,2,1,2,9283,42,car,4,221.02380952380952,1,854.6702724198773,476
27,2,2,3,-1,2,3711,36,education,2,103.08333333333333,3,315.0,540
35,2,2,3,-1,2,2728,15,radio/TV,2,181.86666666666667,3,315.0,540
60,2,2,2,1,-1,2032,24,car,4,84.66666666666667,2,3844.252758104358,391
36,2,2,3,-1,-1,6742,30,radio/TV,2,224.73333333333332,4,1857.5093167701884,406
65,2,0,3,1,1,3394,42,repairs,4,80.80952380952381,1,1919.9677238489448,405
43,2,1,3,1,1,1344,12,car,3,112.0,1,90.08171931449503,719
35,2,2,3,1,1,691,12,car,2,57.583333333333336,1,90.0,780
49,2,2,3,1,1,1038,10,car,3,103.8,1,90.075016994885,719
27,2,1,3,1,1,1168,12,car,2,97.33333333333333,1,90.0,780
28,2,2,3,2,3,1323,6,car,2,220.5,1,295.87732919254734,547
67,2,2,3,-1,1,1169,6,radio/TV,4,194.83333333333334,3,782.2531549526218,481
28,2,2,3,1,2,1068,6,radio/TV,2,178.0,1,75.0,800
46,2,2,2,1,1,6331,48,car,3,131.89583333333334,1,105.10433695430599,709
30,2,2,2,4,1,3349,24,furniture/equipment,2,139.54166666666666,1,60.0,820
37,2,2,3,2,2,3878,24,car,2,161.58333333333334,1,60.0,820
27,2,3,2,1,1,1422,9,car,2,158.0,1,90.0,780
36,2,2,3,1,2,884,18,car,2,49.111111111111114,1,75.0,800
27,2,1,3,1,-1,937,24,education,2,39.041666666666664,2,240.0,568
35,2,2,1,1,2,1919,9,furniture/equipment,2,213.22222222222223,1,246.71066252588076,566
23,1,2,3,4,1,4281,33,furniture/equipment,1,129.72727272727272,1,60.101281620259854,819
26,2,2,3,2,-1,1311,24,radio/TV,2,54.625,2,210.0,580
26,1,2,3,1,2,9960,48,furniture/equipment,2,207.5,1,145.87732919254734,682
44,2,2,3,1,1,1478,15,furniture/equipment,3,98.53333333333333,1,90.07126304649574,719
36,2,2,3,4,3,2360,15,car,2,157.33333333333334,1,15.0,880
27,1,2,1,2,2,951,12,furniture/equipment,2,79.25,1,105.0,710
39,2,1,3,1,-1,7228,11,car,2,657.0909090909091,2,13839.481931112368,318
31,1,1,3,1,-1,1736,12,furniture/equipment,2,144.66666666666666,2,270.0,557
39,2,1,3,2,2,1037,12,business,2,86.41666666666667,1,60.0,820
25,1,2,3,-1,-1,2394,36,radio/TV,2,66.5,4,660.0,490
29,1,2,1,3,2,7758,24,car,2,323.25,1,1882.1273291925472,406
36,2,2,3,1,2,3915,27,business,2,145.0,1,75.0,800
61,2,2,3,3,2,1512,15,repairs,4,100.8,1,1590.2052824432449,421
24,1,2,1,3,2,433,6,education,1,72.16666666666667,1,90.05698651757157,719
26,2,2,3,1,2,1201,24,car,2,50.041666666666664,1,75.0,800
24,2,2,3,2,2,5595,72,radio/TV,1,77.70833333333333,1,60.05949146956631,819
25,2,2,1,4,2,3213,18,radio/TV,2,178.5,1,60.0,820
32,1,1,3,2,1,1282,24,radio/TV,2,53.416666666666664,1,90.0,780
41,2,2,3,1,3,2116,6,furniture/equipment,3,352.6666666666667,1,4526.80502995907,386
25,2,2,1,2,2,1264,15,car,2,84.26666666666667,1,90.0,780
29,2,3,3,1,2,11328,24,vacation/others,2,472.0,1,4083.377329192547,390
33,2,2,3,1,-1,3029,15,car,2,201.93333333333334,2,240.0,568
30,1,2,3,1,-1,1055,18,car,2,58.611111111111114,2,270.0,557
30,1,2,3,4,2,8358,48,car,2,174.125,1,45.0,840
30,2,3,1,1,2,2063,6,radio/TV,2,343.8333333333333,1,2190.877329192547,404
30,2,2,3,1,2,639,12,repairs,2,53.25,1,75.0,800
20,2,2,1,-1,3,3617,24,furniture/equipment,1,150.70833333333334,3,360.4239585812412,513
53,1,2,3,1,1,795,12,education,3,66.25,1,105.05453487971693,709
40,2,3,3,1,2,4297,18,furniture/equipment,3,238.72222222222223,1,1108.6358895180829,457
39,2,2,3,1,1,2522,30,radio/TV,2,84.06666666666666,1,90.0,780
38,2,2,3,1,-1,5954,30,radio/TV,2,198.46666666666667,2,240.0,568
24,1,2,3,1,-1,2788,15,furniture/equipment,1,185.86666666666667,2,270.83695421624003,556
24,1,2,2,1,2,5743,24,education,1,239.29166666666666,1,1170.7157840936163,452
42,2,2,3,1,-1,3331,12,furniture/equipment,3,277.5833333333333,2,4668.712536101464,385
25,2,2,3,-1,2,1484,12,radio/TV,2,123.66666666666667,3,315.0,540
63,2,3,2,-1,-1,13756,60,car,4,229.26666666666668,4,5197.928290826251,382
36,2,2,3,1,2,2337,36,radio/TV,2,64.91666666666667,1,75.0,800
35,2,2,3,2,-1,2753,9,radio/TV,2,305.8888888888889,2,3273.4213250517623,396
74,2,3,3,1,-1,4526,24,business,4,188.58333333333334,2,673.6105555298003,489
33,2,2,3,2,1,2359,24,furniture/equipment,2,98.29166666666667,1,75.0,800
43,2,2,2,1,1,1333,24,car,3,55.541666666666664,1,105.05059538470874,709
27,2,2,3,3,-1,5804,24,car,2,241.83333333333334,2,1321.754658385095,441
29,1,2,3,1,3,683,6,radio/TV,2,113.83333333333333,1,75.0,800
26,1,3,3,1,-1,10974,36,furniture/equipment,2,304.8333333333333,2,3271.754658385094,396
30,2,3,3,2,2,1919,30,radio/TV,2,63.96666666666667,1,45.0,840
27,2,2,3,1,1,4020,24,furniture/equipment,2,167.5,1,90.0,780
45,2,2,3,1,1,2303,24,car,3,95.95833333333333,1,90.06956113318637,719
52,1,1,3,2,-1,362,6,car,3,60.333333333333336,2,240.10457096835808,568
24,1,1,1,2,-1,11590,48,car,1,241.45833333333334,2,2561.407299035651,401
65,2,2,3,1,1,571,21,car,4,27.19047619047619,1,2739.10529797887,400
26,2,2,1,1,3,2687,15,business,2,179.13333333333333,1,90.0,780
42,1,3,2,1,2,8318,27,business,3,308.0740740740741,1,3219.0487874439577,396
46,2,3,3,-1,-1,2476,21,car,3,117.9047619047619,4,540.3493531385186,499
37,2,2,3,1,2,802,15,radio/TV,2,53.46666666666667,1,75.0,800
74,2,0,3,1,3,1299,6,car,4,216.5,1,622.3182938931344,493
47,2,1,3,1,1,731,8,car,3,91.375,1,90.0667247504856,719
21,1,2,1,2,2,3441,30,furniture/equipment,1,114.7,1,105.08419620290674,709
34,2,2,3,1,-1,2320,18,radio/TV,2,128.88888888888889,2,240.0,568
45,2,1,3,1,1,4006,28,car,3,143.07142857142858,1,90.12354314982733,719
19,1,1,1,3,2,983,12,furniture/equipment,1,81.91666666666667,1,90.06154592048247,719
74,2,1,3,1,-1,3448,5,business,4,689.6,2,16435.34008902744,300
25,1,1,3,1,2,1355,24,car,2,56.458333333333336,1,90.0,780
24,2,1,3,-1,1,3763,21,car,1,179.1904761904762,3,360.9148374414254,513
45,2,3,3,1,-1,6761,6,car,3,1126.8333333333333,2,16435.34008902744,300
40,2,3,3,2,-1,4623,15,education,3,308.2,2,6445.652957027026,372
54,2,2,3,1,1,3051,48,domestic appliances,3,63.5625,1,90.05348961707824,719
47,2,2,3,1,-1,1393,12,education,3,116.08333333333333,2,240.17104862415465,568
50,2,2,3,-1,-1,2390,12,car,3,199.16666666666666,4,606.4352751283568,494
23,1,2,3,2,-1,3488,24,car,1,145.33333333333334,2,240.25664808866088,568
23,2,2,1,1,1,4110,24,furniture/equipment,1,171.25,1,120.23053848418584,699
22,2,2,2,1,1,3973,14,car,1,283.7857142857143,1,2505.4198205601506,401
34,2,1,3,2,-1,1743,6,business,2,290.5,2,2811.7546583850944,399
21,2,1,3,1,1,1289,12,furniture/equipment,1,107.41666666666667,1,90.07783250183365,719
49,2,2,2,-1,1,2964,24,car,3,123.5,3,405.2802761842504,509
40,2,2,3,1,-1,1585,24,furniture/equipment,3,66.04166666666667,2,240.10890478634906,568
25,1,2,1,-1,-1,1283,22,car,2,58.31818181818182,4,780.0,482
25,1,2,1,1,2,1295,12,car,2,107.91666666666667,1,120.0,700
36,2,3,2,-1,2,12169,48,car,2,253.52083333333334,3,2553.5694875776426,401
37,2,1,3,1,2,2118,9,radio/TV,2,235.33333333333334,1,548.3773291925474,499
64,1,2,3,2,-1,1409,13,radio/TV,4,108.38461538461539,2,3102.9647323313297,397
29,1,1,1,4,-1,1123,12,furniture/equipment,2,93.58333333333333,2,240.0,568
23,2,2,3,1,2,882,13,radio/TV,1,67.84615384615384,1,75.0551752428045,799
26,1,0,3,1,3,609,12,business,2,50.75,1,60.0,820
32,2,2,1,4,-1,3062,24,furniture/equipment,2,127.58333333333333,2,210.0,580
32,1,1,3,2,2,931,6,car,2,155.16666666666666,1,75.0,800
24,2,2,3,4,-1,2080,6,car,1,346.6666666666667,2,8723.614290001964,356
40,2,0,3,1,2,3590,18,business,3,199.44444444444446,1,61.70944773601305,817
57,2,3,2,1,2,14318,36,car,4,397.72222222222223,1,8802.941341618796,355
29,1,2,3,-1,1,915,24,car,2,38.125,3,405.0,509
35,2,2,3,-1,-1,1979,15,radio/TV,2,131.93333333333334,4,600.0,495
60,2,3,3,-1,2,6468,20,car,4,323.4,3,16420.90055783984,300
46,2,2,3,3,-1,1149,18,radio/TV,3,63.833333333333336,2,180.107186269247,591
34,2,2,3,2,2,2622,18,business,2,145.66666666666666,1,60.0,820
38,2,3,3,-1,-1,3229,18,car,2,179.38888888888889,4,540.0,499
34,1,3,3,1,2,2064,24,furniture/equipment,2,86.0,1,75.0,800
27,2,2,3,1,1,1657,12,furniture/equipment,2,138.08333333333334,1,90.0,780
23,2,2,3,-1,2,1444,15,radio/TV,1,96.26666666666667,3,315.2092818774612,516
50,2,2,3,-1,2,1537,15,radio/TV,3,102.46666666666667,3,315.2220891974574,516
31,1,3,3,4,-1,2782,21,car,2,132.47619047619048,2,150.0,680
26,2,2,3,1,1,4788,48,car,2,99.75,1,90.0,780
24,1,2,1,1,-1,1554,6,radio/TV,1,259.0,2,3643.7809098611274,393
75,1,3,3,-1,1,1374,6,car,4,229.0,3,3772.5205176462105,392
49,2,1,3,-1,3,1445,18,radio/TV,3,80.27777777777777,3,270.18218757540933,557
24,2,2,3,1,1,9629,36,car,1,267.47222222222223,1,2001.0390620485966,405
31,2,2,3,2,-1,5742,36,business,2,159.5,2,210.0,580
27,1,2,1,-1,2,1924,18,furniture/equipment,2,106.88888888888889,3,450.0,506
43,2,3,3,1,1,2442,27,business,3,90.44444444444444,1,75.0661768951872,799
24,1,2,3,-1,-1,874,15,domestic appliances,1,58.266666666666666,4,660.2061715442994,490
41,2,2,3,-1,-1,3160,21,radio/TV,3,150.47619047619048,4,600.5628164676738,495
26,2,2,3,1,-1,1934,12,radio/TV,2,161.16666666666666,2,240.0,568
25,2,1,3,1,1,1138,9,radio/TV,2,126.44444444444444,1,90.0,780
38,1,2,3,-1,-1,1240,12,radio/TV,2,103.33333333333333,4,660.0,490
27,1,2,3,1,2,1295,18,furniture/equipment,2,71.94444444444444,1,90.0,780
29,2,1,3,-1,2,2333,24,furniture/equipment,2,97.20833333333333,3,315.0,540
28,1,2,1,1,1,1403,15,car,2,93.53333333333333,1,135.0,690
30,2,3,3,1,1,3959,36,furniture/equipment,2,109.97222222222223,1,75.0,800
27,2,1,3,-1,-1,1309,10,car,2,130.9,4,600.0,495
31,2,2,3,-1,1,6350,30,furniture/equipment,2,211.66666666666666,3,715.1319875776416,486
26,2,2,3,1,1,1345,18,radio/TV,2,74.72222222222223,1,90.0,780
33,2,2,3,1,-1,5150,24,furniture/equipment,2,214.58333333333334,2,564.2546583850949,498
30,1,2,3,3,-1,960,15,furniture/equipment,2,64.0,2,210.0,580
65,1,0,3,1,-1,1098,18,radio/TV,4,61.0,2,4524.085784579713,386
26,1,2,3,-1,2,1715,30,radio/TV,2,57.166666666666664,3,360.0,513
44,2,3,1,1,1,3384,6,furniture/equipment,3,564.0,1,10911.77547865664,340
23,2,0,3,-1,2,14555,6,car,1,2425.8333333333335,3,16435.34008902744,300
23,1,2,1,1,-1,2146,10,furniture/equipment,1,214.6,2,980.8920345670026,467
42,2,2,3,-1,2,2427,18,business,3,134.83333333333334,3,315.3263464376073,516
59,2,2,3,1,1,1364,9,radio/TV,4,151.55555555555554,1,874.437917121711,474
37,2,2,1,1,1,3676,6,car,2,612.6666666666666,1,6253.377329192546,374
33,2,2,1,1,3,2319,21,education,2,110.42857142857143,1,90.0,780
38,2,2,3,1,-1,1924,10,radio/TV,2,192.4,2,240.0,568
26,1,3,1,-1,-1,5433,24,car,2,226.375,4,2076.0093167701893,404
24,1,1,1,-1,-1,4811,30,car,1,160.36666666666667,4,780.6910223390901,481
28,1,3,1,1,1,2606,21,radio/TV,2,124.0952380952381,1,120.0,700
31,2,1,3,1,-1,1546,10,car,2,154.6,2,240.0,568
37,1,2,3,1,2,3612,18,furniture/equipment,2,200.66666666666666,1,90.0,780
23,1,1,1,1,1,6229,36,furniture/equipment,1,173.02777777777777,1,135.24386123519466,689
27,2,2,3,2,2,4576,45,car,2,101.68888888888888,1,60.0,820
22,1,2,3,2,1,741,12,domestic appliances,1,61.75,1,90.05280700754923,719
64,2,1,3,-1,-1,3832,9,education,4,425.77777777777777,4,16435.34008902744,300
42,2,2,3,1,1,3446,36,furniture/equipment,3,95.72222222222223,1,90.06940913824174,719
24,2,1,3,1,1,1747,24,furniture/equipment,1,72.79166666666667,1,90.05725842682423,719
51,1,2,3,2,-1,682,12,car,3,56.833333333333336,2,240.10208025074405,568
68,2,2,1,-1,-1,6761,18,car,4,375.6111111111111,4,16435.34008902744,300
36,2,3,3,4,2,2366,12,car,2,197.16666666666666,1,15.0,880
20,1,2,1,4,-1,2221,15,furniture/equipment,1,148.06666666666666,2,240.2692385995546,568
23,2,1,1,4,-1,660,6,repairs,1,110.0,2,210.15995306234174,579
22,2,2,3,1,-1,1478,9,radio/TV,1,164.22222222222223,2,240.37918101882042,568
48,1,1,2,2,3,1240,10,car,3,124.0,1,75.09401090562555,799
43,2,2,3,-1,-1,4042,24,car,3,168.41666666666666,4,600.8482904100952,495
29,1,2,3,1,1,3959,15,car,2,263.93333333333334,1,1007.3773291925474,465
29,2,3,1,2,2,9034,36,furniture/equipment,2,250.94444444444446,1,782.5439958592142,481
42,2,1,3,1,-1,1503,4,radio/TV,3,375.75,2,10558.596537934103,342
26,1,2,1,1,-1,1388,9,furniture/equipment,2,154.22222222222223,2,330.0,515
26,2,2,3,1,3,1925,24,furniture/equipment,2,80.20833333333333,1,60.0,820
22,1,1,3,1,1,806,15,business,1,53.733333333333334,1,105.04998561161656,709
24,2,1,1,1,1,1546,24,radio/TV,1,64.41666666666667,1,120.05381746203028,699
26,2,2,3,1,1,8229,36,car,2,228.58333333333334,1,462.12732919254745,505
35,2,2,3,2,-1,4151,24,furniture/equipment,2,172.95833333333334,2,210.0,580
22,2,2,2,1,1,3149,24,furniture/equipment,1,131.20833333333334,1,105.10334855329077,709
33,2,2,3,1,2,6403,24,radio/TV,2,266.7916666666667,1,1020.2523291925477,464
26,2,2,3,1,3,4210,36,radio/TV,2,116.94444444444444,1,60.0,820
32,1,2,3,1,-1,4611,6,furniture/equipment,2,768.5,2,16435.34008902744,300
32,1,3,3,1,2,18424,48,vacation/others,2,383.8333333333333,1,2775.877329192547,399
55,2,2,3,1,1,6872,24,furniture/equipment,4,286.3333333333333,1,3805.8586384726523,392
29,2,2,3,1,2,2629,20,vacation/others,2,131.45,1,75.0,800
25,2,2,3,1,1,2136,9,furniture/equipment,2,237.33333333333334,1,593.3773291925474,495
33,2,2,3,1,-1,6070,18,radio/TV,2,337.22222222222223,2,4243.421325051761,389
26,1,2,1,-1,1,2812,24,car,2,117.16666666666667,3,495.0,503
20,2,2,3,-1,1,2996,24,furniture/equipment,1,124.83333333333333,3,360.2850097121669,513
30,2,2,3,1,-1,1224,9,car,2,136.0,2,240.0,568
29,1,1,1,1,1,1659,24,radio/TV,2,69.125,1,135.0,690
27,2,2,3,-1,3,1347,10,radio/TV,2,134.7,3,270.0,557
34,2,3,3,1,2,1860,12,car,2,155.0,1,60.0,820
34,2,2,3,1,-1,1950,18,business,2,108.33333333333333,2,240.0,568
30,2,3,3,-1,1,14179,39,furniture/equipment,2,363.56410256410254,3,7505.516602962256,365
32,2,3,3,1,1,1880,18,radio/TV,2,104.44444444444444,1,75.0,800
22,1,1,1,1,-1,1258,12,furniture/equipment,1,104.83333333333333,2,330.15160084723533,515
30,1,2,3,2,-1,1864,18,education,2,103.55555555555556,2,240.0,568
23,1,2,3,1,1,1498,12,radio/TV,1,124.83333333333333,1,105.09500323738898,709
26,2,3,3,4,-1,3235,24,radio/TV,2,134.79166666666666,2,120.0,700
40,2,1,3,1,2,1155,12,radio/TV,3,96.25,1,75.0697498131862,799
60,2,2,3,3,-1,1940,24,car,4,80.83333333333333,2,3869.2213509413014,391
22,1,2,3,1,2,1670,9,radio/TV,1,185.55555555555554,1,90.41134205927733,719
26,2,2,1,2,-1,3577,9,car,2,397.44444444444446,2,6080.087991718428,375
34,1,2,3,1,-1,1493,12,radio/TV,2,124.41666666666667,2,270.0,557
75,2,3,2,1,1,6615,24,car,4,275.625,1,3324.091897145573,395
44,2,2,3,2,2,1804,12,car,3,150.33333333333334,1,60.14032805971482,819
48,2,2,3,-1,-1,5190,27,repairs,3,192.22222222222223,4,602.5919668229195,495
23,1,1,3,1,2,3573,12,radio/TV,1,297.75,1,2909.3344644538092,398
61,2,3,2,1,2,1953,36,business,4,54.25,1,2318.2739239684943,403
25,1,2,1,1,1,1882,18,radio/TV,2,104.55555555555556,1,135.0,690
24,2,2,2,1,1,4605,48,car,1,95.9375,1,105.06954769509626,709
30,1,2,3,1,2,918,9,furniture/equipment,2,102.0,1,90.0,780
23,2,2,1,1,2,1534,12,radio/TV,1,127.83333333333333,1,105.09875593429548,709
28,2,2,3,1,-1,2284,24,radio/TV,2,95.16666666666667,2,240.0,568
24,2,2,3,1,-1,1800,18,radio/TV,1,100.0,2,240.1445403444528,568
32,2,2,3,-1,-1,7238,48,radio/TV,2,150.79166666666666,4,600.0,495
47,2,2,2,2,2,12612,36,education,3,350.3333333333333,1,4471.805831898004,387
25,2,2,3,-1,1,8072,30,business,2,269.06666666666666,3,3298.1319875776417,395
31,2,1,3,1,1,3108,30,furniture/equipment,2,103.6,1,90.0,780
46,2,2,2,1,1,3931,48,car,3,81.89583333333333,1,105.06153540051294,709
49,1,2,3,1,2,1092,12,radio/TV,3,91.0,1,90.06650288543938,719
24,1,2,1,1,1,4308,48,business,1,89.75,1,135.06577387420828,689
21,2,2,3,1,-1,15653,60,radio/TV,1,260.8833333333333,2,3666.771954614761,393
23,1,3,1,1,2,11560,24,car,1,481.6666666666667,1,8441.78164721718,358
38,1,2,3,1,-1,1533,24,radio/TV,2,63.875,2,270.0,557
36,2,2,3,1,-1,1542,12,business,2,128.5,2,240.0,568
31,2,2,3,4,-1,3430,24,radio/TV,2,142.91666666666666,2,150.0,680
26,1,2,3,4,-1,1386,12,car,2,115.5,2,180.0,660
38,2,1,3,1,2,1308,15,repairs,2,87.2,1,75.0,800
24,2,1,3,1,1,2214,12,radio/TV,1,184.5,1,90.38884670926828,719
63,2,2,3,1,1,6836,60,business,4,113.93333333333334,1,1438.290430814491,433
21,1,2,3,-1,-1,886,12,radio/TV,1,73.83333333333333,4,660.2308696851861,490
25,1,2,3,-1,2,2991,30,radio/TV,2,99.7,3,360.0,513
31,2,3,3,-1,-1,8947,36,car,2,248.52777777777777,4,3225.175983436856,396
36,2,2,3,-1,2,2181,30,car,2,72.7,3,315.0,540
44,2,2,3,-1,-1,3485,20,car,3,174.25,4,601.0158021659469,495
68,2,0,2,1,2,1175,16,car,4,73.4375,1,2030.5204876000248,405
33,2,2,3,1,2,1414,8,radio/TV,2,176.75,1,75.0,800
30,2,3,3,4,-1,2333,30,radio/TV,2,77.76666666666667,2,120.0,700
62,1,2,2,1,-1,3757,24,car,4,156.54166666666666,2,1719.53479089442,407
27,2,2,3,3,-1,8613,27,car,2,319.0,2,3636.7546583850944,393
28,2,2,3,-1,2,1887,18,business,2,104.83333333333333,3,315.0,540
34,2,1,3,1,1,11998,30,repairs,2,399.93333333333334,1,3032.377329192547,397
50,2,2,1,4,-1,1236,6,car,3,206.0,2,349.9406161646489,513
21,1,2,1,1,-1,2570,27,car,1,95.18518518518519,2,330.1381317710893,515
35,2,3,3,1,2,1050,6,furniture/equipment,2,175.0,1,60.0,820
34,1,2,3,1,-1,4454,36,radio/TV,2,123.72222222222223,2,270.0,557
37,1,2,3,1,-1,3380,4,car,2,845.0,2,16435.34008902744,300
28,1,2,3,1,-1,1817,18,furniture/equipment,2,100.94444444444444,2,270.0,557
48,2,2,3,1,-1,2134,9,car,3,237.11111111111111,2,2240.6258426663067,403
63,2,2,3,1,1,2957,24,car,4,123.20833333333333,1,1299.242282410874,443
46,2,2,3,1,-1,2611,24,radio/TV,3,108.79166666666667,2,240.15791832481,568
47,2,2,2,1,-1,1984,18,furniture/equipment,3,110.22222222222223,2,270.1603329885894,557
54,2,2,3,3,2,1318,12,car,3,109.83333333333333,1,45.07983464856899,839
44,1,3,2,1,2,12579,24,car,3,524.125,1,9700.528070209955,349
43,2,2,1,1,1,2625,16,car,3,164.0625,1,120.18882822246304,699
45,2,3,3,1,1,8978,14,car,3,641.2857142857143,1,13200.34322936538,323
30,2,2,1,1,-1,1740,6,radio/TV,2,290.0,2,2886.7546583850944,398
31,2,1,3,1,2,1521,10,furniture/equipment,2,152.1,1,75.0,800
34,2,1,3,1,3,2864,18,furniture/equipment,2,159.11111111111111,1,60.0,820
33,1,1,1,-1,-1,2186,15,furniture/equipment,2,145.73333333333332,4,780.0,482
54,2,3,3,3,-1,4591,24,business,3,191.29166666666666,2,151.1996954713791,679
48,1,1,1,1,2,1795,18,radio/TV,3,99.72222222222223,1,120.07207724946213,699
27,2,2,3,1,-1,8648,24,business,2,360.3333333333333,2,4936.754658385094,383
20,1,1,1,1,2,2718,24,car,1,113.25,1,120.08284765615493,699
43,2,1,3,1,-1,7393,24,car,3,308.0416666666667,2,6496.15317514047,372
40,2,3,3,-1,1,1358,24,vacation/others,3,56.583333333333336,3,315.15286031213805,540
23,2,2,2,1,1,1845,45,radio/TV,1,41.0,1,105.0460754808148,709
29,1,2,3,1,-1,518,6,radio/TV,2,86.33333333333333,2,270.0,557
35,1,2,3,3,-1,1592,12,furniture/equipment,2,132.66666666666666,2,210.0,580
37,2,3,3,4,-1,12749,48,radio/TV,2,265.6041666666667,2,1974.8796583850954,405
46,2,2,2,4,-1,727,10,education,3,72.7,2,180.11443676907675,591
42,2,3,3,1,-1,10366,60,car,3,172.76666666666668,2,210.48361764027538,579
28,2,2,3,1,-1,9572,36,business,2,265.8888888888889,2,2103.4213250517623,404
35,2,2,1,2,-1,1204,6,car,2,200.66666666666666,2,270.0,557
46,2,2,3,1,3,1343,6,car,3,223.83333333333334,1,662.1283328789095,490
42,1,2,3,-1,2,5084,24,radio/TV,3,211.83333333333334,3,1088.0453951238235,459
40,2,1,3,1,1,701,12,radio/TV,3,58.416666666666664,1,90.05159607365698,719
49,2,2,3,1,2,8386,30,furniture/equipment,3,279.53333333333336,1,2347.8536528802824,402
31,2,2,1,1,1,3161,24,business,2,131.70833333333334,1,120.0,700
66,2,0,2,4,3,1480,12,car,4,123.33333333333333,1,1222.3684391235765,449
67,1,2,3,1,2,3872,18,repairs,4,215.11111111111111,1,605.3841790280333,494
63,2,2,3,-1,-1,7596,30,car,4,253.2,4,9501.381791091311,350
45,2,2,2,1,1,7882,42,furniture/equipment,3,187.66666666666666,1,105.46515426462042,709
36,2,2,3,3,3,1275,24,business,2,53.125,1,30.0,860
64,1,2,3,1,2,753,6,radio/TV,4,125.5,1,1264.8890755267591,445
25,1,2,1,1,1,1433,15,furniture/equipment,2,95.53333333333333,1,135.0,690
32,2,2,3,4,-1,2978,6,furniture/equipment,2,496.3333333333333,2,8926.754658385094,354
47,1,2,2,2,3,1377,24,radio/TV,3,57.375,1,75.05122896499032,799
27,1,2,3,1,1,2389,18,radio/TV,2,132.72222222222223,1,105.0,710
47,2,1,3,1,2,958,12,car,3,79.83333333333333,1,75.0605114288313,799
30,2,1,3,1,-1,2028,24,furniture/equipment,2,84.5,2,240.0,568
20,1,2,3,3,2,1577,11,furniture/equipment,1,143.36363636363637,1,60.124140643886044,819
41,2,1,3,4,-1,2580,21,business,3,122.85714285714286,2,150.18536645228266,679
58,1,1,2,1,1,6143,48,car,4,127.97916666666667,1,1257.7266349289266,446
20,2,2,3,1,-1,1313,9,furniture/equipment,1,145.88888888888889,2,240.2591108812211,568
52,2,3,3,-1,2,6468,12,radio/TV,3,539.0,3,16435.34008902744,300
40,2,0,2,-1,2,5381,48,vacation/others,3,112.10416666666667,3,315.24543650330287,516
37,1,1,3,1,1,1274,12,car,2,106.16666666666667,1,105.0,710
38,2,2,3,-1,-1,2751,48,car,2,57.3125,4,600.0,495
37,2,1,3,-1,-1,3565,12,education,2,297.0833333333333,4,6198.509316770188,374
20,1,2,1,-1,-1,4675,12,car,1,389.5833333333333,4,16435.34008902744,300
37,2,2,3,1,3,2100,18,radio/TV,2,116.66666666666667,1,60.0,820
46,1,1,3,1,3,2251,12,furniture/equipment,3,187.58333333333334,1,75.46276480591064,799
36,2,3,1,2,2,6967,24,business,2,290.2916666666667,1,1372.7523291925477,437
27,2,2,3,1,1,1053,15,radio/TV,2,70.2,1,90.0,780
38,1,0,3,1,-1,926,12,car,2,77.16666666666667,2,240.0,568
23,2,1,3,4,2,2520,27,radio/TV,1,93.33333333333333,1,30.067907856293274,859
29,1,2,3,3,1,3357,21,radio/TV,2,159.85714285714286,1,75.0,800
23,1,1,3,1,2,2101,13,radio/TV,1,161.6153846153846,1,90.17787100162562,719
23,1,2,3,-1,-1,996,12,repairs,1,83.0,4,660.2483918395035,490
36,2,3,3,1,-1,1278,24,radio/TV,2,53.25,2,210.0,580
23,2,2,3,-1,1,900,12,car,1,75.0,3,360.1747209313703,513
49,2,2,3,2,3,1126,9,radio/TV,3,125.11111111111111,1,45.09533868624999,839
31,1,2,3,1,1,1957,6,radio/TV,2,326.1666666666667,1,1940.8773291925477,405
25,1,2,3,-1,2,2762,12,furniture/equipment,2,230.16666666666666,3,1547.6319875776417,424
20,1,2,1,3,-1,3186,15,car,1,212.4,2,789.242610574802,481
27,2,2,3,1,-1,1101,12,car,2,91.75,2,240.0,568
33,1,1,3,-1,-1,797,12,radio/TV,2,66.41666666666667,4,660.0,490
39,1,2,3,1,1,860,6,car,2,143.33333333333334,1,105.0,710
24,1,2,1,1,1,2124,18,furniture/equipment,1,118.0,1,135.0874352520681,689
28,2,2,3,1,2,3060,48,radio/TV,2,63.75,1,75.0,800
35,1,2,3,1,1,2439,24,radio/TV,2,101.625,1,105.0,710
25,1,2,3,1,-1,5771,30,radio/TV,2,192.36666666666667,2,270.0,557
36,2,1,3,1,2,4241,24,business,2,176.70833333333334,1,75.0,800
61,1,2,3,-1,-1,2012,12,education,4,167.66666666666666,4,2833.13228680875,399
34,1,2,3,1,1,1842,36,car,2,51.166666666666664,1,105.0,710
26,1,2,1,1,1,3114,18,furniture/equipment,2,173.0,1,135.0,690
27,1,0,3,1,1,750,18,education,2,41.666666666666664,1,90.0,780
32,2,2,3,1,2,2273,36,education,2,63.138888888888886,1,75.0,800
31,2,2,2,1,-1,6110,48,education,2,127.29166666666667,2,270.0,557
33,2,2,3,1,-1,1478,15,radio/TV,2,98.53333333333333,2,240.0,568
39,2,3,3,1,-1,1884,12,car,2,157.0,2,210.0,580
52,2,2,3,1,-1,3077,12,radio/TV,3,256.4166666666667,2,3398.7942356135427,395
41,2,3,3,-1,-1,6313,24,car,3,263.0416666666667,4,7652.5247829191,364
48,2,2,3,2,1,1288,9,repairs,3,143.11111111111111,1,75.12362395329791,799
40,2,1,3,-1,1,1647,21,car,3,78.42857142857143,3,360.179499887845,513
39,1,2,3,1,2,1188,21,business,2,56.57142857142857,1,90.0,780
33,1,2,3,1,-1,2831,30,radio/TV,2,94.36666666666666,2,270.0,557
25,2,1,3,1,2,866,18,radio/TV,2,48.111111111111114,1,75.0,800
36,2,2,3,2,-1,2872,24,radio/TV,2,119.66666666666667,2,210.0,580
28,1,2,3,1,-1,1382,6,radio/TV,2,230.33333333333334,2,1066.754658385095,460
24,1,2,3,-1,2,8487,48,car,1,176.8125,3,360.83421037501455,513
37,2,2,3,-1,-1,7409,36,business,2,205.80555555555554,4,721.8426501035219,486
40,2,2,1,-1,-1,1386,15,radio/TV,3,92.4,4,720.2693552163717,486
44,2,2,2,1,-1,5507,24,repairs,3,229.45833333333334,2,1811.5931284020783,406
23,1,1,1,1,-1,601,4,furniture/equipment,1,150.25,2,330.28021923958147,515
39,2,2,2,1,1,10297,48,car,2,214.52083333333334,1,266.18982919254745,558
31,1,2,3,1,1,6758,48,radio/TV,2,140.79166666666666,1,105.0,710
30,2,2,3,2,2,5866,18,car,2,325.8888888888889,1,1891.7106625258812,406
29,1,2,3,-1,-1,5003,21,car,2,238.23809523809524,4,2727.7950310559036,400
38,2,3,3,-1,-1,2859,12,car,2,238.25,4,2608.5093167701893,400
26,2,3,3,1,-1,4463,36,radio/TV,2,123.97222222222223,2,210.0,580
31,2,2,3,1,-1,2775,18,car,2,154.16666666666666,2,240.0,568
31,2,2,1,1,1,2302,36,radio/TV,2,63.94444444444444,1,120.0,700
23,1,2,3,2,-1,3812,15,car,1,254.13333333333333,2,3261.8071517923436,396
26,2,2,3,1,-1,1076,12,business,2,89.66666666666667,2,240.0,568
31,2,2,3,-1,-1,929,24,furniture/equipment,2,38.708333333333336,4,600.0,495
31,2,2,3,1,-1,1360,15,radio/TV,2,90.66666666666667,2,240.0,568
29,1,2,3,1,1,1893,12,car,2,157.75,1,105.0,710
41,2,1,3,1,2,888,12,car,3,74.0,1,75.05779154417354,799
23,2,2,1,3,-1,3368,15,car,1,224.53333333333333,2,1486.2314939935525,429
37,2,2,3,-1,-1,10222,48,radio/TV,2,212.95833333333334,4,1151.0093167701898,454
30,2,3,2,-1,-1,12680,21,car,2,603.8095238095239,4,16435.34008902744,300
52,1,3,2,-1,-1,2133,12,car,3,177.75,4,661.1523194465847,490
23,1,1,1,1,1,3234,24,furniture/equipment,1,134.75,1,135.10865082754307,689
27,1,2,3,1,1,343,6,domestic appliances,2,57.166666666666664,1,105.0,710
31,1,2,3,2,-1,1532,15,education,2,102.13333333333334,2,240.0,568
27,1,2,3,1,-1,1449,9,business,2,161.0,2,270.0,557
52,2,2,3,2,-1,2223,24,radio/TV,3,92.625,2,210.13495022428216,579
25,1,2,1,1,-1,3972,24,furniture/equipment,2,165.5,2,330.0,515
46,2,2,1,1,2,1223,12,car,3,101.91666666666667,1,105.07363001607374,709
24,2,1,1,1,1,3021,24,furniture/equipment,1,125.875,1,120.0962735044466,699
24,2,2,3,1,2,458,9,radio/TV,1,50.888888888888886,1,75.04905564898976,799
47,2,1,3,1,1,1217,18,domestic appliances,3,67.61111111111111,1,90.05508000312787,719
26,1,2,3,1,-1,763,12,furniture/equipment,2,63.583333333333336,2,270.0,557
35,2,3,3,1,-1,3780,18,furniture/equipment,2,210.0,2,396.7546583850947,510
47,2,2,3,4,-1,1213,15,radio/TV,3,80.86666666666666,2,150.12204030689318,679
32,2,2,3,-1,-1,2978,24,business,2,124.08333333333333,4,600.0,495
36,2,2,1,1,1,3905,11,car,2,355.0,1,2388.377329192547,402
57,1,1,3,4,3,1258,24,radio/TV,4,52.416666666666664,1,2300.7690641968034,403
41,1,1,3,3,-1,250,6,car,3,41.666666666666664,2,210.09252992343534,580
37,1,2,3,1,-1,2022,24,car,2,84.25,2,270.0,557
37,2,2,2,1,-1,1819,36,education,2,50.52777777777778,2,270.0,557
25,2,2,3,1,-1,1262,12,radio/TV,2,105.16666666666667,2,240.0,568
53,2,3,2,1,1,7865,12,furniture/equipment,3,655.4166666666666,1,13639.27126444424,320
32,2,3,3,4,-1,629,18,radio/TV,2,34.94444444444444,2,120.0,700
34,2,1,3,-1,-1,1898,6,radio/TV,2,316.3333333333333,4,7353.509316770188,366
22,1,2,3,1,-1,1808,18,furniture/equipment,1,100.44444444444444,2,270.1451620119519,557
40,2,1,1,1,1,684,12,education,3,57.0,1,120.05109808142223,699
31,2,2,3,3,1,3651,12,car,2,304.25,1,1567.1273291925472,423
55,1,3,3,-1,3,1424,12,furniture/equipment,4,118.66666666666667,3,4101.98267591032,390
25,2,2,3,1,2,4933,39,radio/TV,2,126.48717948717949,1,75.0,800
29,2,2,3,2,2,1437,9,car,2,159.66666666666666,1,60.0,820
44,2,1,3,1,2,6204,18,repairs,3,344.6666666666667,1,4301.807890044979,388
35,2,3,1,1,2,6948,36,car,2,193.0,1,90.0,780
41,2,2,1,1,-1,1503,12,car,3,125.25,2,300.1910146010951,545
23,2,2,3,1,2,15672,48,business,1,326.5,1,3756.815769536245,392
28,2,2,3,1,-1,776,12,radio/TV,2,64.66666666666667,2,240.0,568
29,2,2,1,1,-1,2108,6,radio/TV,2,351.3333333333333,2,4726.754658385094,385
29,2,3,1,2,-1,1901,24,radio/TV,2,79.20833333333333,2,240.0,568
26,1,1,1,2,2,4280,30,business,2,142.66666666666666,1,105.0,710
24,1,2,3,1,-1,932,6,radio/TV,1,155.33333333333334,2,270.3096187926547,557
51,2,1,2,4,-1,2507,9,car,3,278.55555555555554,2,4667.043227622914,385
33,1,2,3,1,1,1131,18,furniture/equipment,2,62.833333333333336,1,105.0,710
57,2,1,3,1,1,709,12,radio/TV,4,59.083333333333336,1,2260.7873263305823,403
37,2,3,3,-1,3,3399,12,radio/TV,2,283.25,3,3801.381987577642,392
29,2,2,1,-1,-1,7166,42,radio/TV,2,170.61904761904762,4,720.0,486
33,2,2,3,3,-1,1543,6,furniture/equipment,2,257.1666666666667,2,1781.7546583850954,406
56,2,2,3,1,-1,618,12,radio/TV,4,51.5,2,4809.033356375275,384
56,1,2,3,1,-1,1538,6,education,4,256.3333333333333,2,5002.546319910991,383
36,2,2,3,4,-1,909,36,car,2,25.25,2,150.0,680
49,2,2,1,-1,-1,5801,12,furniture/equipment,3,483.4166666666667,4,16435.34008902744,300
47,2,2,2,1,-1,5103,24,radio/TV,3,212.625,2,802.6988267798891,480
47,2,2,3,-1,-1,3578,48,radio/TV,3,74.54166666666667,4,600.2321350553785,495
23,1,2,3,1,-1,1943,18,repairs,1,107.94444444444444,2,270.1565222688876,557
66,1,1,3,4,2,790,9,radio/TV,4,87.77777777777777,1,1785.4732201621996,406
44,1,2,3,-1,-1,5943,24,radio/TV,3,247.625,4,5922.702692703552,376
36,2,3,3,1,-1,3275,21,car,2,155.95238095238096,2,210.0,580
27,2,2,3,1,2,3652,21,business,2,173.9047619047619,1,75.0,800
30,2,2,1,1,2,2002,12,car,2,166.83333333333334,1,105.0,710
30,2,2,3,1,1,1602,21,car,2,76.28571428571429,1,90.0,780
61,2,1,1,2,2,2767,21,business,4,131.76190476190476,1,1171.027122368631,452
40,2,2,3,-1,-1,3077,30,radio/TV,3,102.56666666666666,4,600.296411499663,495
24,1,2,3,1,2,2150,30,car,1,71.66666666666667,1,90.05677084249825,719
66,2,3,3,1,3,1908,30,business,4,63.6,1,2148.0506858827525,404
50,2,2,3,1,-1,1559,24,business,3,64.95833333333333,2,240.10805490825476,568
32,2,2,2,1,-1,3863,24,business,2,160.95833333333334,2,270.0,557
41,1,1,3,1,2,5954,42,business,3,141.76190476190476,1,90.12093463878304,719
40,2,2,1,-1,-1,7824,28,car,3,279.42857142857144,4,9798.843731234474,348
30,1,3,3,-1,1,7174,42,radio/TV,2,170.8095238095238,3,360.0,513
67,1,3,3,1,2,1199,9,education,4,133.22222222222223,1,1134.1395957478771,455
36,2,3,3,-1,-1,1238,6,education,2,206.33333333333334,4,693.5093167701899,488
21,2,1,3,1,1,6568,24,business,1,273.6666666666667,1,2186.861961585841,404
33,2,3,1,1,-1,4844,48,business,2,100.91666666666667,2,270.0,557
41,2,2,3,-1,2,3979,48,radio/TV,3,82.89583333333333,3,315.186133347638,516
22,1,2,3,1,2,1567,12,radio/TV,1,130.58333333333334,1,90.10246611773724,719
49,2,1,3,1,-1,640,12,car,3,53.333333333333336,2,240.0997054215651,568
36,2,2,3,4,-1,1262,15,domestic appliances,2,84.13333333333334,2,150.0,680
29,1,2,3,1,-1,2171,12,radio/TV,2,180.91666666666666,2,270.0,557
40,2,1,3,1,1,1361,6,car,3,226.83333333333334,1,782.0797654193451,481
49,2,1,3,-1,3,3656,30,radio/TV,3,121.86666666666666,3,270.27468760952553,557
25,1,1,3,2,2,2631,15,repairs,2,175.4,1,75.0,800
28,1,1,3,1,3,745,9,radio/TV,2,82.77777777777777,1,75.0,800
40,2,1,1,4,-1,1597,10,car,3,159.7,2,210.34028639649796,579
41,2,2,3,1,1,2712,36,furniture/equipment,3,75.33333333333333,1,90.05839145200767,719
31,2,3,2,2,2,7582,48,vacation/others,2,157.95833333333334,1,60.0,820
74,1,3,2,1,2,5129,9,car,4,569.8888888888889,1,16435.34008902744,300
27,2,2,3,3,2,10961,48,radio/TV,2,228.35416666666666,1,413.6898291925472,509
26,2,2,1,-1,-1,2445,12,car,2,203.75,4,720.0,486
30,1,2,3,-1,1,7721,24,furniture/equipment,2,321.7083333333333,3,5712.006987577641,378
31,2,1,3,2,2,9857,36,business,2,273.80555555555554,1,1110.4606625258805,457
33,2,1,1,1,2,2384,36,repairs,2,66.22222222222223,1,105.0,710
41,1,1,1,-1,-1,1244,9,education,3,138.22222222222223,4,780.4576209725169,481
35,2,1,1,2,-1,1418,10,car,2,141.8,2,270.0,557
22,2,2,3,1,2,3832,30,furniture/equipment,1,127.73333333333333,1,75.09862607444866,799
58,2,2,3,-1,-1,1867,30,radio/TV,4,62.233333333333334,4,9094.186214238407,353
48,1,1,3,-1,2,4351,24,furniture/equipment,3,181.29166666666666,3,361.0002537539556,513
27,2,3,3,1,1,3416,27,radio/TV,2,126.51851851851852,1,75.0,800
60,2,1,3,1,1,1199,24,car,4,49.958333333333336,1,2397.6377294799327,402
31,2,2,3,2,-1,3621,24,radio/TV,2,150.875,2,210.0,580
30,2,3,3,-1,-1,11054,36,car,2,307.05555555555554,4,6736.842650103522,370
32,2,1,2,1,1,1442,18,car,2,80.11111111111111,1,105.0,710
32,2,1,3,3,-1,4526,27,furniture/equipment,2,167.62962962962962,2,180.0,660
23,1,2,1,1,-1,1236,9,domestic appliances,1,137.33333333333334,2,330.2257496902885,515
36,2,2,3,1,1,1372,12,car,2,114.33333333333333,1,90.0,780
34,1,3,3,1,2,1501,9,education,2,166.77777777777777,1,75.0,800
35,1,2,3,1,-1,1291,12,radio/TV,2,107.58333333333333,2,270.0,557
22,2,2,3,1,1,2462,18,furniture/equipment,1,136.77777777777777,1,90.1119389648607,719
34,1,3,1,1,2,3017,12,furniture/equipment,2,251.41666666666666,1,819.6273291925472,479
23,1,2,1,-1,1,1200,12,education,1,100.0,3,495.2168105166792,503
57,1,3,1,3,1,1231,24,radio/TV,4,51.291666666666664,1,2377.6411399131393,402
28,1,2,1,3,-1,2603,24,car,2,108.45833333333333,2,270.0,557
23,1,1,1,2,2,841,12,business,1,70.08333333333333,1,105.0560985138155,709
52,2,2,3,4,-1,936,9,education,3,104.0,2,150.15033471980374,679
29,2,2,2,1,1,2149,12,radio/TV,2,179.08333333333334,1,105.0,710
29,2,2,3,1,1,6887,36,education,2,191.30555555555554,1,90.0,780
31,2,2,3,-1,-1,3378,18,car,2,187.66666666666666,4,600.0,495
27,1,2,3,1,2,2930,12,radio/TV,2,244.16666666666666,1,695.8773291925472,488
37,1,2,1,1,1,7685,48,business,2,160.10416666666666,1,135.0,690
63,2,2,3,1,1,2924,24,car,4,121.83333333333333,1,1319.8547913851928,441
29,1,2,3,1,2,959,9,furniture/equipment,2,106.55555555555556,1,90.0,780
36,2,2,2,-1,2,2760,24,car,2,115.0,3,360.0,513
42,2,2,3,1,1,4153,18,furniture/equipment,3,230.72222222222223,1,898.6995495173671,473
51,2,2,2,-1,1,7511,18,car,3,417.27777777777777,3,16435.34008902744,300
23,1,0,1,4,1,1352,6,car,1,225.33333333333334,1,722.1023622618256,486
54,2,2,3,-1,-1,2255,24,car,3,93.95833333333333,4,600.27317730038,495
22,2,2,1,2,2,3092,24,radio/TV,1,128.83333333333334,1,90.10007359121879,719
28,2,2,3,3,-1,2142,11,business,2,194.72727272727272,2,180.0,660
49,2,1,3,1,2,3124,12,car,3,260.3333333333333,1,1771.8872541126268,407
24,2,2,3,-1,2,2030,9,furniture/equipment,1,225.55555555555554,3,2276.296455479378,403
27,2,2,3,4,2,2326,15,business,2,155.06666666666666,1,30.0,860
31,2,3,1,1,-1,1963,12,radio/TV,2,163.58333333333334,2,270.0,557
33,1,3,3,1,3,1474,12,furniture/equipment,2,122.83333333333333,1,60.0,820
64,1,2,3,1,-1,1364,10,car,4,136.4,2,2293.0260295964554,403
44,1,3,2,1,1,6419,24,car,3,267.4583333333333,1,2015.6224210563162,405
58,1,1,3,1,1,385,12,radio/TV,4,32.083333333333336,1,2680.722122939567,400
30,1,3,3,1,2,5096,48,furniture/equipment,2,106.16666666666667,1,75.0,800
37,2,1,3,-1,3,1344,24,car,2,56.0,3,270.0,557
27,2,1,3,1,-1,802,14,car,2,57.285714285714285,2,240.0,568
37,2,2,2,-1,2,12389,36,car,2,344.1388888888889,3,6676.3819875776435,371
27,2,2,3,1,1,5998,40,education,2,149.95,1,90.0,780
41,2,1,3,1,-1,719,12,education,3,59.916666666666664,2,240.1042680993578,568
32,2,2,3,1,-1,4594,18,radio/TV,2,255.22222222222223,2,1783.4213250517614,406
26,2,2,3,1,1,759,12,car,2,63.25,1,90.0,780
39,2,1,3,1,1,3398,8,car,2,424.75,1,3404.627329192547,395
40,2,3,3,1,1,3857,30,car,3,128.56666666666666,1,75.09971879033422,799
33,1,2,3,1,2,3244,18,furniture/equipment,2,180.22222222222223,1,90.0,780
23,1,1,3,1,1,976,18,car,1,54.22222222222222,1,105.05014901139134,709
58,2,2,1,1,2,15945,54,business,4,295.27777777777777,1,4223.287625966859,389
61,2,2,2,-1,2,1239,18,education,4,68.83333333333333,3,6433.701850424678,373
48,2,2,2,-1,-1,9277,24,car,3,386.5416666666667,4,16435.34008902744,300
38,2,1,3,1,1,708,12,furniture/equipment,2,59.0,1,90.0,780
28,1,2,1,4,2,4113,24,car,2,171.375,1,75.0,800
36,2,3,2,1,1,1872,6,furniture/equipment,2,312.0,1,1713.3773291925472,407
37,2,2,3,1,-1,3535,36,car,2,98.19444444444444,2,240.0,568
38,2,2,3,-1,2,368,6,radio/TV,2,61.333333333333336,3,315.0,540
37,2,2,3,1,1,3620,36,furniture/equipment,2,100.55555555555556,1,90.0,780
21,1,2,1,-1,-1,1126,18,radio/TV,1,62.55555555555556,4,780.2124329056812,481
35,2,1,3,1,-1,4679,24,car,2,194.95833333333334,2,240.0,568
30,2,2,3,1,-1,4657,15,car,2,310.46666666666664,2,3440.754658385094,394
28,2,1,3,1,-1,2993,21,car,2,142.52380952380952,2,240.0,568
27,2,2,3,-1,-1,1221,6,furniture/equipment,2,203.5,4,600.0,495
42,2,2,2,1,2,6288,60,education,3,104.8,1,90.07577489640617,719
46,2,2,3,3,-1,1582,18,radio/TV,3,87.88888888888889,2,180.12943519055284,591
34,1,1,2,1,2,1837,24,education,2,76.54166666666667,1,105.0,710
43,1,1,3,3,-1,1516,24,radio/TV,3,63.166666666666664,2,210.10667807902365,579
42,2,1,3,1,-1,1544,4,radio/TV,3,386.0,2,11173.591631898675,338
22,2,2,3,1,2,2039,24,radio/TV,1,84.95833333333333,1,75.0631214222836,799
30,2,2,2,2,2,2862,36,car,2,79.5,1,75.0,800
28,2,2,3,3,1,2659,18,furniture/equipment,2,147.72222222222223,1,60.0,820
32,1,2,1,-1,1,1285,24,car,2,53.541666666666664,3,495.0,503
39,1,1,3,-1,2,932,6,education,2,155.33333333333334,3,360.0,513
27,2,1,3,1,2,1082,9,radio/TV,2,120.22222222222223,1,75.0,800
28,2,2,3,1,-1,1249,24,car,2,52.041666666666664,2,240.0,568
35,2,0,3,-1,2,1549,9,car,2,172.11111111111111,3,270.0,557
32,2,2,3,2,1,2325,24,car,2,96.875,1,75.0,800
63,2,2,3,-1,-1,1520,15,furniture/equipment,4,101.33333333333333,4,6748.833260291298,370
57,1,1,3,2,-1,1154,11,radio/TV,4,104.9090909090909,2,3207.1862572970354,396
39,1,1,3,3,1,666,6,car,2,111.0,1,75.0,800
25,1,1,3,1,3,2327,15,radio/TV,2,155.13333333333333,1,75.0,800
27,2,2,3,1,-1,2613,36,repairs,2,72.58333333333333,2,240.0,568
39,2,3,3,1,-1,6458,18,car,2,358.77777777777777,2,4860.0879917184275,384
44,1,1,3,1,2,760,8,radio/TV,3,95.0,1,90.06894830837936,719
28,2,2,3,1,1,4169,24,furniture/equipment,2,173.70833333333334,1,90.0,780
24,2,2,1,2,1,6187,30,car,1,206.23333333333332,1,181.6886015708006,590
32,2,3,2,1,-1,1505,18,radio/TV,2,83.61111111111111,2,240.0,568
25,2,2,3,1,-1,1258,24,business,2,52.416666666666664,2,240.0,568
40,1,2,3,3,2,1322,11,car,3,120.18181818181819,1,60.08971719298508,819
24,1,3,3,2,2,7408,60,car,1,123.46666666666667,1,60.093386619890126,819
26,1,1,3,1,2,1113,18,radio/TV,2,61.833333333333336,1,90.0,780
22,2,2,3,4,1,2828,24,furniture/equipment,1,117.83333333333333,1,45.08726570007347,839
65,2,2,3,-1,-1,930,12,radio/TV,4,77.5,4,8178.391180126053,360
34,2,3,2,1,1,2910,24,car,2,121.25,1,90.0,780
44,2,2,1,4,1,2647,6,radio/TV,3,441.1666666666667,1,7196.786251582651,367
26,1,2,3,1,-1,1453,18,radio/TV,2,80.72222222222223,2,270.0,557
68,2,3,3,1,1,14896,6,car,4,2482.6666666666665,1,16435.34008902744,300
35,2,2,3,-1,2,3976,21,furniture/equipment,2,189.33333333333334,3,315.0,540
36,2,2,3,4,-1,4042,42,furniture/equipment,2,96.23809523809524,2,150.0,680
24,1,0,1,-1,2,7472,12,car,1,622.6666666666666,3,16435.34008902744,300
22,1,2,1,1,1,1858,12,furniture/equipment,1,154.83333333333334,1,135.15322815251434,689
22,1,2,1,2,-1,2301,9,furniture/equipment,1,255.66666666666666,2,3413.798352827769,395
34,2,3,3,2,2,6850,15,car,2,456.6666666666667,1,3838.3773291925477,391
29,2,1,3,-1,3,1494,4,car,2,373.5,3,7907.631987577642,362
53,2,2,2,1,1,7119,48,furniture/equipment,3,148.3125,1,105.13521589455311,709
45,1,1,3,-1,-1,3835,36,radio/TV,3,106.52777777777777,4,660.3084844399016,490
28,1,2,3,2,-1,2073,12,radio/TV,2,172.75,2,240.0,568
33,1,2,1,1,1,3966,18,car,2,220.33333333333334,1,383.37732919254745,511
28,2,2,1,1,2,3617,12,furniture/equipment,2,301.4166666666667,1,1569.6273291925477,423
32,2,2,3,3,2,2745,21,furniture/equipment,2,130.71428571428572,1,45.0,840
27,2,1,3,-1,2,7418,60,radio/TV,2,123.63333333333334,3,315.0,540
34,1,2,3,3,-1,1525,24,car,2,63.541666666666664,2,210.0,580
65,2,2,2,1,1,2600,18,radio/TV,4,144.44444444444446,1,995.967002961132,465
26,2,2,3,1,2,1424,12,domestic appliances,2,118.66666666666667,1,75.0,800
46,2,2,3,1,1,2348,36,furniture/equipment,3,65.22222222222223,1,90.05413035274927,719
35,1,1,3,4,-1,3447,12,education,2,287.25,2,2684.2546583850944,400
39,2,2,3,4,-1,2299,36,radio/TV,2,63.861111111111114,2,150.0,680
27,1,2,1,-1,1,2132,10,furniture/equipment,2,213.2,3,919.1319875776414,471
63,2,1,3,1,-1,1655,12,radio/TV,4,137.91666666666666,2,2217.567018881289,403
55,2,2,3,3,-1,1413,12,car,4,117.75,2,2762.140099014989,399
43,2,3,3,1,1,15857,36,vacation/others,3,440.47222222222223,1,7175.953010939508,367
32,1,2,3,1,2,2528,27,business,2,93.62962962962963,1,90.0,780
29,1,0,3,-1,2,3990,36,domestic appliances,2,110.83333333333333,3,315.0,540
25,1,2,3,1,-1,7855,36,car,2,218.19444444444446,2,702.5879917184284,487
25,2,2,3,1,1,975,15,furniture/equipment,2,65.0,1,90.0,780
33,2,2,3,1,-1,2051,18,radio/TV,2,113.94444444444444,2,240.0,568
44,2,2,3,4,-1,1163,12,car,3,96.91666666666667,2,150.14036989847725,679
40,2,1,3,1,1,3939,11,car,3,358.09090909090907,1,4719.530532152675,385
52,2,1,3,1,1,2315,10,radio/TV,3,231.5,1,922.025082924712,471
38,2,2,2,1,3,947,24,car,2,39.458333333333336,1,75.0,800
38,2,1,3,1,1,2171,12,car,2,180.91666666666666,1,90.0,780
23,2,1,3,1,2,1048,10,radio/TV,1,104.8,1,75.07577489640617,799
36,2,2,1,1,1,7297,60,business,2,121.61666666666666,1,120.0,700
29,2,2,3,-1,-1,3556,15,car,2,237.06666666666666,4,2597.509316770189,401
35,2,2,3,1,-1,5842,36,car,2,162.27777777777777,2,240.0,568
44,1,1,1,1,3,1881,12,radio/TV,3,156.75,1,105.15947213292321,709
31,2,2,3,1,1,3104,18,business,2,172.44444444444446,1,90.0,780
25,1,2,1,-1,1,1371,24,car,2,57.125,3,495.0,503
35,2,1,3,2,1,4380,18,car,2,243.33333333333334,1,668.3773291925474,490
36,2,2,2,-1,-1,846,7,radio/TV,2,120.85714285714286,4,660.0,490
45,2,1,3,1,1,339,12,education,3,28.25,1,90.04272864707048,719
20,1,2,1,1,1,1282,12,furniture/equipment,1,106.83333333333333,1,135.07736417954987,689
29,1,3,3,1,-1,2679,24,car,2,111.625,2,240.0,568
46,2,3,3,-1,-1,6842,24,car,3,285.0833333333333,4,10297.387584754902,344
42,2,2,2,2,-1,1346,6,radio/TV,3,224.33333333333334,2,1474.2385113235464,430
21,2,2,1,1,-1,1766,6,furniture/equipment,1,294.3333333333333,2,5733.674950527856,378
31,2,2,3,1,3,4473,36,radio/TV,2,124.25,1,60.0,820
44,2,2,3,1,1,1553,18,furniture/equipment,3,86.27777777777777,1,90.06383022474715,719
34,2,2,3,1,-1,2759,12,furniture/equipment,2,229.91666666666666,2,1024.2546583850944,463
24,2,2,1,1,2,2323,36,radio/TV,1,64.52777777777777,1,105.05386040414777,709
